{"train_losses": [1.6273090525865554, 1.6297287496328354, 1.6163443484902382, 1.6024374747276307, 1.5946231914162636, 1.581800371825695, 1.5877494426369667, 1.5653556075692177], "val_accuracies": [0.01375, 0.11875, 0.1975, 0.28125, 0.3025, 0.3375, 0.41125, 0.375]}