{"train_losses": [1.4558680410385132, 1.264991791844368, 1.16222810035944, 1.0909596195816993, 1.0281755139827728, 0.9747057721614838, 0.9348394818902016, 0.8856710673570632, 0.8483742779195309, 0.8207005905210972], "val_accuracies": [0.43125, 0.47875, 0.495, 0.5375, 0.52, 0.49, 0.58625, 0.525, 0.57375, 0.5675]}